,sentence,all_sents,extractions,augmented_exts,ctime,etime
0,कार्यरूप जगत को देखकर ही शक्तिरूपी माया की सििद्ध होती है .,['कार्यरूप जगत को देखकर ही शक्तिरूपी माया की सििद्ध होती है .'],"[[['शक्तिरूपी माया की', 'सििद्ध होती है', 'कार्यरूप जगत को देखकर ही']]]",[[]],[0.143],[0.0]
1,अखिल भारतीय पुलिस डयूटी मीट ( 1958 से ) में अंगुलि चिह्न विज्ञान प्रतियोगिता आयोजित करना .,['अखिल भारतीय पुलिस डयूटी मीट ( 1958 से ) में अंगुलि चिह्न विज्ञान प्रतियोगिता आयोजित करना .'],"[[['अंगुलि चिह्न विज्ञान प्रतियोगिता', 'आयोजित करना', 'अखिल भारतीय पुलिस डयूटी मीट'], ['अखिल भारतीय पुलिस डयूटी मीट', 'property', '( 1958 से  )']]]",[[]],[0.074],[0.0]
2,केन्द्रीय सरकार के विभागों एवं भारत सरकार के उपक्रमों द्वारा भेजे गए विवादित अंगुलि चिह्नों का परीक्षण करना .,['केन्द्रीय सरकार के विभागों एवं भारत सरकार के उपक्रमों द्वारा भेजे गए विवादित अंगुलि चिह्नों का परीक्षण करना .'],"[[['विवादित अंगुलि चिह्नों का', 'भेजे गए', 'उपक्रमों द्वारा'], ['उपक्रमों द्वारा', 'property', 'विभागों'], ['विभागों', 'property', 'केन्द्रीय सरकार के'], ['भारत सरकार के', 'property', 'केन्द्रीय सरकार के']]]","[[['उपक्रमों द्वारा', 'property विभागों', 'केन्द्रीय सरकार के'], ['विभागों', 'property केन्द्रीय सरकार के', 'भारत सरकार के']]]",[0.07],[0.0]
3,007 के गुप्त नाम से प्रसिद्ध यह एजेंट फ़्लेमिंग की बारह पुस्तकों व दो लघुकथाओं में मौजूद है .,['007 के गुप्त नाम से प्रसिद्ध यह एजेंट फ़्लेमिंग की बारह पुस्तकों व दो लघुकथाओं में मौजूद है .'],"[[['यह एजेंट', 'मौजूद है', 'बारह पुस्तकों'], ['गुप्त नाम से', 'property', '007 के'], ['बारह पुस्तकों', 'property', 'फ़्लेमिंग की'], ['दो लघुकथाओं में', 'property', 'फ़्लेमिंग की']]]","[[['बारह पुस्तकों', 'property फ़्लेमिंग की', 'दो लघुकथाओं में']]]",[0.073],[0.001]
4,01 अगस्त 1907 को उन्होंने अपनी एक पत्रिका ' साधु ' शुरू की .,"[""01 अगस्त 1907 को उन्होंने अपनी एक पत्रिका ' साधु ' शुरू की .""]","[[['उन्होंने', 'की', ""एक पत्रिका ' साधु ' शुरू""], ['01 अगस्त 1907 को', 'की', 'उन्होंने'], [""एक पत्रिका ' साधु ' शुरू"", 'property', 'अपनी']]]","[[[""एक पत्रिका ' साधु ' शुरू"", 'उन्होंने की', '01 अगस्त 1907 को']]]",[0.073],[0.0]
5,01 अप्रैल 2009 से कंपनी में नवीनतम वेतनमानों को लागू किया गया है .,['01 अप्रैल 2009 से कंपनी में नवीनतम वेतनमानों को लागू किया गया है .'],"[[['नवीनतम वेतनमानों को', 'लागू किया गया है', '01 अप्रैल 2009 से'], ['कंपनी में', 'लागू किया गया है', 'नवीनतम वेतनमानों को']]]","[[['01 अप्रैल 2009 से', 'नवीनतम वेतनमानों को लागू किया गया है', 'कंपनी में']]]",[0.073],[0.0]
6,01 जून : गोधरा ट्रेन कांड की सुनवाई अहमदाबाद के साबरमती केंद्रीय जेल के अंदर शुरू हुई .,['01 जून : गोधरा ट्रेन कांड की सुनवाई अहमदाबाद के साबरमती केंद्रीय जेल के अंदर शुरू हुई .'],"[[['सुनवाई', 'शुरू हुई', 'साबरमती केंद्रीय जेल के अंदर'], ['सुनवाई', 'property', 'गोधरा ट्रेन कांड की'], ['गोधरा ट्रेन कांड की', 'property', '01 जून :'], ['साबरमती केंद्रीय जेल के अंदर', 'property', 'अहमदाबाद के']]]","[[['सुनवाई', 'property गोधरा ट्रेन कांड की', '01 जून :']]]",[0.071],[0.0]
7,06 अक्टूबर 1989 को वे सर्वोच्च न्यायालय की न्यायाधीश नियुक्त हुई .,['06 अक्टूबर 1989 को वे सर्वोच्च न्यायालय की न्यायाधीश नियुक्त हुई .'],"[[['वे', 'नियुक्त हुई', 'न्यायाधीश'], ['06 अक्टूबर 1989 को', 'नियुक्त हुई', 'वे'], ['न्यायाधीश', 'property', 'सर्वोच्च न्यायालय की']]]","[[['न्यायाधीश', 'वे नियुक्त हुई', '06 अक्टूबर 1989 को']]]",[0.075],[0.0]
8,06 प्रतिशत ऐसे लोग थे जिनका कोई विशेष धर्म नहीं था .,['06 प्रतिशत ऐसे लोग थे जिनका कोई विशेष धर्म नहीं था .'],"[[['06 प्रतिशत', 'ऐसे लोग थे', 'जिनका कोई विशेष धर्म नहीं था']]]",[[]],[0.071],[0.0]
9,1 अक्टूबर 1854 को इम्पीरियल पोस्टल सर्विस द्वारा पहला डाक टिकट जारी किया गया .,['1 अक्टूबर 1854 को इम्पीरियल पोस्टल सर्विस द्वारा पहला डाक टिकट जारी किया गया .'],"[[['इम्पीरियल पोस्टल सर्विस द्वारा', 'जारी किया गया', 'पहला डाक टिकट'], ['1 अक्टूबर 1854 को', 'जारी किया गया', 'इम्पीरियल पोस्टल सर्विस द्वारा']]]","[[['पहला डाक टिकट', 'इम्पीरियल पोस्टल सर्विस द्वारा जारी किया गया', '1 अक्टूबर 1854 को']]]",[0.076],[0.0]
10,1 अक्टूबर 1953 को आंध्र ने कर्नूल को अपनी राजधानी के साथ राज्य का दर्जा पाया .,['1 अक्टूबर 1953 को आंध्र ने कर्नूल को अपनी राजधानी के साथ राज्य का दर्जा पाया .'],"[[['आंध्र ने', 'पाया', 'कर्नूल को'], ['दर्जा', 'पाया', '1 अक्टूबर 1953 को'], ['दर्जा', 'property', 'राज्य का']]]",[[]],[0.071],[0.0]
11,1 अक्टूबर 2008 को न्यूजीलैंड और ऑस्ट्रेलिया में दूसरा सीज़न ज़ारी किया गया .,['1 अक्टूबर 2008 को न्यूजीलैंड और ऑस्ट्रेलिया में दूसरा सीज़न ज़ारी किया गया .'],"[[['दूसरा सीज़न', 'ज़ारी किया गया', '1 अक्टूबर 2008 को'], ['न्यूजीलैंड', 'ज़ारी किया गया', '1 अक्टूबर 2008 को'], ['ऑस्ट्रेलिया में', 'ज़ारी किया गया', '1 अक्टूबर 2008 को']]]","[[['दूसरा सीज़न', 'ज़ारी किया गया 1 अक्टूबर 2008 को', 'न्यूजीलैंड'], ['दूसरा सीज़न', 'ज़ारी किया गया 1 अक्टूबर 2008 को', 'ऑस्ट्रेलिया में'], ['न्यूजीलैंड', 'ज़ारी किया गया 1 अक्टूबर 2008 को', 'ऑस्ट्रेलिया में']]]",[0.069],[0.0]
12,"1 अक्टूबर को , रॉबर्ट आइगर ने सीईओ के रूप में माइकल आइजनर का स्थान लिया .","['1 अक्टूबर को , रॉबर्ट आइगर ने सीईओ के रूप में माइकल आइजनर का स्थान लिया .']","[[['रॉबर्ट आइगर ने', 'लिया', 'स्थान'], ['1 अक्टूबर को ,', 'लिया', 'रॉबर्ट आइगर ने'], ['स्थान', 'property', 'माइकल आइजनर का']]]","[[['स्थान', 'रॉबर्ट आइगर ने लिया', '1 अक्टूबर को ,']]]",[0.065],[0.0]
13,"1 अक्टूबर , 1960 को यह देश इंग्लैंड के शासन से आजाद हुआ .","['1 अक्टूबर , 1960 को यह देश इंग्लैंड के शासन से आजाद हुआ .']","[[['यह देश', 'आजाद हुआ', '1 अक्टूबर , 1960 को'], ['शासन से', 'आजाद हुआ', 'इंग्लैंड के']]]",[[]],[0.065],[0.0]
14,1 अगस्त 1915 में चन्द्रसिंह को अन्य गढ़वाली सैनिकों के साथ अंग्रेजों द्वारा फ्रांस भेज दिया गया .,['1 अगस्त 1915 में चन्द्रसिंह को अन्य गढ़वाली सैनिकों के साथ अंग्रेजों द्वारा फ्रांस भेज दिया गया .'],"[[['अंग्रेजों द्वारा', 'भेज दिया गया', 'चन्द्रसिंह को'], ['1 अगस्त 1915 में', 'भेज दिया गया', 'अन्य गढ़वाली सैनिकों के साथ'], ['फ्रांस', 'भेज दिया गया', 'अन्य गढ़वाली सैनिकों के साथ']]]","[[['1 अगस्त 1915 में', 'भेज दिया गया अन्य गढ़वाली सैनिकों के साथ', 'फ्रांस']]]",[0.067],[0.0]
15,1 अप्रैल 1946 को इसे स्वायत्तशासी प्रान्त घोषित किया गया और गोविन्द बल्लभ पन्त इसके पहले मुख्य मन्त्री बने .,['1 अप्रैल 1946 को इसे स्वायत्तशासी प्रान्त घोषित किया गया और गोविन्द बल्लभ पन्त इसके पहले मुख्य मन्त्री बने .'],"[[['इसे', 'घोषित किया गया', '1 अप्रैल 1946 को'], ['गोविन्द बल्लभ पन्त', 'बने', 'मुख्य मन्त्री'], ['इसके पहले', 'बने', 'घोषित किया गया']]]",[[]],[0.069],[0.0]
16,हिन्दी प्रचार सभा एक आन्दोलन थी जो भारत के स्वतन्त्रता आन्दोलन के साथ ही आरम्भ हुई .,['हिन्दी प्रचार सभा एक आन्दोलन थी जो भारत के स्वतन्त्रता आन्दोलन के साथ ही आरम्भ हुई .'],"[[['हिन्दी प्रचार सभा', 'एक आन्दोलन थी', 'जो आरम्भ हुई'], ['एक आन्दोलन', 'आरम्भ हुई', 'स्वतन्त्रता आन्दोलन के साथ ही'], ['स्वतन्त्रता आन्दोलन के साथ ही', 'property', 'भारत के']]]",[[]],[0.07],[0.0]
17,बाल्यकाल से ही कर्मा के चेहरे पर एक अनूठी आभा दिखाई पड़ती थी .,['बाल्यकाल से ही कर्मा के चेहरे पर एक अनूठी आभा दिखाई पड़ती थी .'],"[[['एक अनूठी आभा', 'दिखाई पड़ती थी', 'बाल्यकाल से ही'], ['चेहरे पर', 'दिखाई पड़ती थी', 'कर्मा के']]]",[[]],[0.069],[0.0]
18,"तब से अब तक , सोनू भारतीय संगीत जगत में एक प्रमुख हस्ती बन चुके हैं .","['तब से अब तक , सोनू भारतीय संगीत जगत में एक प्रमुख हस्ती बन चुके हैं .']","[[['सोनू', 'बन चुके हैं', 'एक प्रमुख हस्ती'], ['तब से', 'बन चुके हैं', 'अब तक ,'], ['भारतीय संगीत जगत में', 'बन चुके हैं', 'अब तक ,']]]","[[['तब से', 'बन चुके हैं अब तक ,', 'भारतीय संगीत जगत में']]]",[0.072],[0.0]
19,कोप्पेन मौसम वर्गीकरण मौसम आकलन के लिए प्रयोग किया जाने वाला सबसे अधिक प्रयोगनीय मौसम वर्गीकरण है .,['कोप्पेन मौसम वर्गीकरण मौसम आकलन के लिए प्रयोग किया जाने वाला सबसे अधिक प्रयोगनीय मौसम वर्गीकरण है .'],[[]],[[]],[0],[0]
20,बर्लिन पर क़ब्ज़ा करने के बाद सोवियत दस्तों ने चेकोस्लोवाकिया की राजधानी प्राग को आज़ाद कराया .,['बर्लिन पर क़ब्ज़ा करने के बाद सोवियत दस्तों ने चेकोस्लोवाकिया की राजधानी प्राग को आज़ाद कराया .'],"[[['सोवियत दस्तों ने', 'आज़ाद कराया', 'प्राग को'], ['क़ब्ज़ा करने के बाद', 'आज़ाद कराया', 'बर्लिन पर'], ['प्राग को', 'property', 'राजधानी'], ['राजधानी', 'property', 'चेकोस्लोवाकिया की']]]","[[['प्राग को', 'property राजधानी', 'चेकोस्लोवाकिया की']]]",[0.068],[0.001]
21,योग एवं शिक्षा के क्षेत्र में राष्ट्रपति से पद्म श्री सम्मान प्राप्त करने वाले वे प्रथम भारतीय हैं .,['योग एवं शिक्षा के क्षेत्र में राष्ट्रपति से पद्म श्री सम्मान प्राप्त करने वाले वे प्रथम भारतीय हैं .'],"[[['वे', 'प्रथम भारतीय हैं', 'क्षेत्र में'], ['पद्म श्री सम्मान', 'प्राप्त करने वाले', 'राष्ट्रपति से']]]",[[]],[0.074],[0.0]
22,सभी बच्चों को स्कूल की पढ़ाई पूरी करने तक वित्तीय सहायता भी दी जाती है .,['सभी बच्चों को स्कूल की पढ़ाई पूरी करने तक वित्तीय सहायता भी दी जाती है .'],"[[['वित्तीय सहायता भी', 'दी जाती है', 'पूरी करने तक'], ['सभी बच्चों को', 'पूरी करने तक', 'दी जाती है'], ['पूरी करने तक दी जाती है', 'पढ़ाई', 'स्कूल की']]]",[[]],[0.075],[0.0]
23,आज भी यह स्थान क्षेत्र के लोगों के लिए दर्शनीय केन्द्र है .,['आज भी यह स्थान क्षेत्र के लोगों के लिए दर्शनीय केन्द्र है .'],"[[['यह स्थान', 'दर्शनीय केन्द्र है', 'आज भी'], ['दर्शनीय केन्द्र', 'property', 'लोगों के लिए']]]",[[]],[0.069],[0.0]
24,इस सम्बन्ध में पाणिनीय व्याकरण ही वेदाङ्ग का प्रतिनिधित्व करता है .,['इस सम्बन्ध में पाणिनीय व्याकरण ही वेदाङ्ग का प्रतिनिधित्व करता है .'],"[[['पाणिनीय व्याकरण ही', 'प्रतिनिधित्व करता है', 'इस सम्बन्ध में'], ['वेदाङ्ग का', 'प्रतिनिधित्व करता है', 'पाणिनीय व्याकरण ही']]]","[[['इस सम्बन्ध में', 'पाणिनीय व्याकरण ही प्रतिनिधित्व करता है', 'वेदाङ्ग का']]]",[0.076],[0.0]
25,मैं शब्द की आत्मा समझकर ही इस श्रेष्ठ तत्त्व की उपासना करता हूं .,['मैं शब्द की आत्मा समझकर ही इस श्रेष्ठ तत्त्व की उपासना करता हूं .'],"[[['मैं', 'उपासना करता हूं', 'इस श्रेष्ठ तत्त्व की'], ['इस श्रेष्ठ तत्त्व की उपासना करता हूं', 'समझकर ही', 'आत्मा'], ['आत्मा', 'property', 'शब्द की']]]",[[]],[0.076],[0.0]
26,हिमाचल प्रदेश में बहने वाली पांच नदियों में से चार का उल्लेख ऋग्वेद में मिलता है .,['हिमाचल प्रदेश में बहने वाली पांच नदियों में से चार का उल्लेख ऋग्वेद में मिलता है .'],"[[['उल्लेख', 'मिलता है', 'पांच नदियों में से'], ['ऋग्वेद में', 'मिलता है', 'उल्लेख'], ['हिमाचल प्रदेश में', 'बहने वाली', 'पांच नदियों में से'], ['उल्लेख', 'property', 'चार का']]]","[[['पांच नदियों में से', 'उल्लेख मिलता है', 'ऋग्वेद में']]]",[0.067],[0.001]
27,उन्होंने बच्चे को देने से स्पष्ट इंकार कर दिया .,['उन्होंने बच्चे को देने से स्पष्ट इंकार कर दिया .'],"[[['उन्होंने', 'स्पष्ट इंकार कर दिया', 'बच्चे को देने से']]]",[[]],[0.069],[0.0]
28,शिक्षा का तुलनात्मक अध्ययन सभी सामाजिक विज्ञानों से जुड़ा है .,['शिक्षा का तुलनात्मक अध्ययन सभी सामाजिक विज्ञानों से जुड़ा है .'],"[[['तुलनात्मक अध्ययन', 'जुड़ा है', 'सभी सामाजिक विज्ञानों से'], ['तुलनात्मक अध्ययन', 'property', 'शिक्षा का']]]",[[]],[0.074],[0.0]
29,गुजरात क्वीन एक्स्प्रेस 9110 भारतीय रेल द्वारा संचालित एक मेल एक्स्प्रेस ट्रेन है .,['गुजरात क्वीन एक्स्प्रेस 9110 भारतीय रेल द्वारा संचालित एक मेल एक्स्प्रेस ट्रेन है .'],"[[['9110', 'भारतीय रेल द्वारा', 'संचालित']]]",[[]],[0.07],[0.0]
30,वर्तमान में यह शहर पश्चिम बंगाल का प्रमुख हिल स्टेशन है .,['वर्तमान में यह शहर पश्चिम बंगाल का प्रमुख हिल स्टेशन है .'],"[[['यह शहर', 'प्रमुख हिल स्टेशन है', 'वर्तमान में'], ['प्रमुख हिल स्टेशन', 'property', 'पश्चिम बंगाल का']]]",[[]],[0.07],[0.0]
31,"सिलकोट , गंगोलीहाट तहसील में भारत के उत्तराखण्ड राज्य के अन्तर्गत कुमाऊँ मण्डल के पिथोरागढ जिले का एक गाँव है .","['सिलकोट , गंगोलीहाट तहसील में भारत के उत्तराखण्ड राज्य के अन्तर्गत कुमाऊँ मण्डल के पिथोरागढ जिले का एक गाँव है .']","[[['सिलकोट ,', 'एक गाँव है', 'गंगोलीहाट तहसील में'], ['एक गाँव', 'property', 'उत्तराखण्ड राज्य के अन्तर्गत'], ['एक गाँव', 'property', 'पिथोरागढ जिले का'], ['उत्तराखण्ड राज्य के अन्तर्गत', 'property', 'भारत के'], ['पिथोरागढ जिले का', 'property', 'कुमाऊँ मण्डल के']]]","[[['उत्तराखण्ड राज्य के अन्तर्गत', 'एक गाँव property', 'पिथोरागढ जिले का'], ['एक गाँव', 'property उत्तराखण्ड राज्य के अन्तर्गत', 'भारत के'], ['एक गाँव', 'property पिथोरागढ जिले का', 'कुमाऊँ मण्डल के']]]",[0.069],[0.001]
32,एयर लाइन के तकनीकी केंद्र को तिरुवनंतपुरम में स्थानापन्न करना है .,['एयर लाइन के तकनीकी केंद्र को तिरुवनंतपुरम में स्थानापन्न करना है .'],"[[['तकनीकी केंद्र को', 'स्थानापन्न करना है', 'तिरुवनंतपुरम में'], ['तकनीकी केंद्र को', 'property', 'एयर लाइन के']]]",[[]],[0.07],[0.0]
33,चीफ कोर्ट के मुख्य न्यायाधीश सर लुइस शर्ट और विशेष न्यायाधीश मोहम्मद रजा के सामने दोनों मामले पेश हुए .,['चीफ कोर्ट के मुख्य न्यायाधीश सर लुइस शर्ट और विशेष न्यायाधीश मोहम्मद रजा के सामने दोनों मामले पेश हुए .'],"[[['दोनों मामले', 'पेश हुए', 'सर लुइस शर्ट'], ['सर लुइस शर्ट', 'property', 'मुख्य न्यायाधीश'], ['विशेष न्यायाधीश मोहम्मद रजा के सामने', 'property', 'मुख्य न्यायाधीश']]]","[[['सर लुइस शर्ट', 'property मुख्य न्यायाधीश', 'विशेष न्यायाधीश मोहम्मद रजा के सामने']]]",[0.069],[0.0]
34,किसी बीमारी की वजह से बाशो की मृत्यु 28 नवम्बर 1694 को हो गई .,['किसी बीमारी की वजह से बाशो की मृत्यु 28 नवम्बर 1694 को हो गई .'],"[[['मृत्यु', 'हो गई', 'किसी बीमारी की वजह से'], ['28 नवम्बर 1694 को', 'हो गई', 'मृत्यु'], ['मृत्यु', 'property', 'बाशो की']]]","[[['किसी बीमारी की वजह से', 'मृत्यु हो गई', '28 नवम्बर 1694 को']]]",[0.066],[0.0]
35,जब कोई मतैक्य नहीं हुआ तो विक्रम ने एक हल सोचा .,['जब कोई मतैक्य नहीं हुआ तो विक्रम ने एक हल सोचा .'],"[[['विक्रम ने', 'सोचा', 'एक हल'], ['तो', 'नहीं हुआ', 'कोई मतैक्य']]]",[[]],[0.066],[0.0]
36,सन 1696 में एक बार फिर शाही सेना से पंचायती सेना का मुकाबला हुआ .,['सन 1696 में एक बार फिर शाही सेना से पंचायती सेना का मुकाबला हुआ .'],"[[['सन 1696 में', 'मुकाबला हुआ फिर', 'एक बार'], ['शाही सेना से', 'मुकाबला हुआ फिर', 'पंचायती सेना का']]]",[[]],[0.069],[0.0]
37,"मर्लगोंड , कुभीर मण्डल में भारत के आन्ध्रप्रदेश राज्य के अन्तर्गत के अदिलाबादु जिले का एक गाँव है .","['मर्लगोंड , कुभीर मण्डल में भारत के आन्ध्रप्रदेश राज्य के अन्तर्गत के अदिलाबादु जिले का एक गाँव है .']","[[['मर्लगोंड ,', 'एक गाँव है', 'कुभीर मण्डल में'], ['एक गाँव', 'property', 'अदिलाबादु जिले का'], ['अदिलाबादु जिले का', 'property', 'आन्ध्रप्रदेश राज्य के अन्तर्गत के'], ['आन्ध्रप्रदेश राज्य के अन्तर्गत के', 'property', 'भारत के']]]","[[['एक गाँव', 'property अदिलाबादु जिले का', 'आन्ध्रप्रदेश राज्य के अन्तर्गत के'], ['अदिलाबादु जिले का', 'property आन्ध्रप्रदेश राज्य के अन्तर्गत के', 'भारत के']]]",[0.079],[0.001]
38,बाद में व्याकरण के दर्शन पक्ष पर अनेक ग्रन्थ लिखे गये .,['बाद में व्याकरण के दर्शन पक्ष पर अनेक ग्रन्थ लिखे गये .'],"[[['अनेक ग्रन्थ', 'लिखे गये', 'बाद में'], ['दर्शन पक्ष पर', 'लिखे गये', 'व्याकरण के']]]",[[]],[0.076],[0.0]
39,1975 में इलाहाबाद में नवनिर्मित मेहता अनुसंधान संस्थान में निदेशक बने .,['1975 में इलाहाबाद में नवनिर्मित मेहता अनुसंधान संस्थान में निदेशक बने .'],"[[['निदेशक', 'बने', '1975 में'], ['इलाहाबाद में', 'बने', 'नवनिर्मित मेहता अनुसंधान संस्थान में']]]",[[]],[0.067],[0.0]
40,उनके नाम पर इस जगह का नाम रुस्तम खान रखा गया .,['उनके नाम पर इस जगह का नाम रुस्तम खान रखा गया .'],"[[['नाम', 'रखा गया', 'नाम पर'], ['नाम पर', 'property', 'उनके'], ['नाम', 'property', 'इस जगह का']]]",[[]],[0.08],[0.0]
41,कुछ लोग इस आपाधापी से दूर अपने घर पर ही रहना पसंद करते हैं .,['कुछ लोग इस आपाधापी से दूर अपने घर पर ही रहना पसंद करते हैं .'],"[[['कुछ लोग', 'पसंद करते हैं', 'रहना'], ['इस आपाधापी से दूर', 'रहना', 'घर पर ही'], ['घर पर ही', 'property', 'अपने']]]",[[]],[0.067],[0.0]
42,मार्च 2001 में एक बार फिर अमरीका के अट्ठाइसवें रक्षा सचिव के रूप में उनकी वापसी हुई .,['मार्च 2001 में एक बार फिर अमरीका के अट्ठाइसवें रक्षा सचिव के रूप में उनकी वापसी हुई .'],"[[['मार्च 2001 में', 'वापसी हुई फिर', 'एक बार'], ['अट्ठाइसवें रक्षा सचिव के रूप में', 'वापसी हुई फिर', 'उनकी'], ['अट्ठाइसवें रक्षा सचिव के रूप में', 'property', 'अमरीका के']]]",[[]],[0.066],[0.0]
43,इसकी रचना की आधारशिला 3 मार्च 1884 को सर वाईकर के द्वारा रखी गयी थी .,['इसकी रचना की आधारशिला 3 मार्च 1884 को सर वाईकर के द्वारा रखी गयी थी .'],"[[['सर वाईकर के द्वारा', 'आधारशिला रखी गयी थी', '3 मार्च 1884 को'], ['इसकी रचना की', 'आधारशिला रखी गयी थी', '3 मार्च 1884 को']]]","[[['सर वाईकर के द्वारा', 'आधारशिला रखी गयी थी 3 मार्च 1884 को', 'इसकी रचना की']]]",[0.07],[0.0]
44,इस तकनीक के लिए वह विभिन्न टेलीविजन कंपनियों से संपर्क में है .,['इस तकनीक के लिए वह विभिन्न टेलीविजन कंपनियों से संपर्क में है .'],"[[['वह', 'संपर्क में है', 'इस तकनीक के लिए'], ['संपर्क में', 'property', 'विभिन्न टेलीविजन कंपनियों से']]]",[[]],[0.079],[0.0]
45,त्रिदेवनाथ बैनर्जी को चिकित्सा विज्ञान के क्षेत्र में सन 1961 में पद्म भूषण से सम्मानित किया गया था .,['त्रिदेवनाथ बैनर्जी को चिकित्सा विज्ञान के क्षेत्र में सन 1961 में पद्म भूषण से सम्मानित किया गया था .'],"[[['त्रिदेवनाथ बैनर्जी को', 'सम्मानित किया गया था', 'क्षेत्र में'], ['सन 1961 में', 'सम्मानित किया गया था', 'पद्म भूषण से'], ['क्षेत्र में', 'property', 'चिकित्सा विज्ञान के']]]",[[]],[0.077],[0.0]
46,मराठी के अतिरिक्त उन्होने हिन्दी फिल्मों के लिए भी संगीत रचना की .,['मराठी के अतिरिक्त उन्होने हिन्दी फिल्मों के लिए भी संगीत रचना की .'],"[[['उन्होने', 'संगीत रचना की', 'मराठी के अतिरिक्त'], ['हिन्दी फिल्मों के लिए भी', 'संगीत रचना की', 'उन्होने']]]","[[['मराठी के अतिरिक्त', 'उन्होने संगीत रचना की', 'हिन्दी फिल्मों के लिए भी']]]",[0.068],[0.0]
47,काइटिन का औद्योगिक रूप से अनेक प्रक्रियाओं में उपयोग किया जाता है .,['काइटिन का औद्योगिक रूप से अनेक प्रक्रियाओं में उपयोग किया जाता है .'],"[[['औद्योगिक रूप से', 'उपयोग किया जाता है', 'अनेक प्रक्रियाओं में'], ['औद्योगिक रूप से', 'property', 'काइटिन का']]]",[[]],[0.067],[0.0]
48,हिंदूओं और मुस्लिमों के सभी पर्व मिलजुल कर मनाए जाते हैं .,['हिंदूओं और मुस्लिमों के सभी पर्व मिलजुल कर मनाए जाते हैं .'],"[[['सभी पर्व', 'property', 'हिंदूओं'], ['सभी पर्व', 'property', 'मुस्लिमों के']]]","[[['हिंदूओं', 'सभी पर्व property', 'मुस्लिमों के']]]",[0.065],[0.0]
49,"द डार्क नाईट राइसेस को अमेरिका , संयुक्त राजशाही व कनाडा में 20 जुलाई 2012 को रिलीज़ किया गया .","['द डार्क नाईट राइसेस को अमेरिका , संयुक्त राजशाही व कनाडा में 20 जुलाई 2012 को रिलीज़ किया गया .']","[[['द डार्क नाईट राइसेस को', 'रिलीज़ किया गया', 'अमेरिका ,'], ['20 जुलाई 2012 को', 'रिलीज़ किया गया', 'अमेरिका ,'], ['20 जुलाई 2012 को', 'रिलीज़ किया गया', 'संयुक्त राजशाही'], ['20 जुलाई 2012 को', 'रिलीज़ किया गया', 'कनाडा में']]]","[[['द डार्क नाईट राइसेस को', 'रिलीज़ किया गया अमेरिका ,', '20 जुलाई 2012 को'], ['अमेरिका ,', '20 जुलाई 2012 को रिलीज़ किया गया', 'संयुक्त राजशाही'], ['अमेरिका ,', '20 जुलाई 2012 को रिलीज़ किया गया', 'कनाडा में'], ['संयुक्त राजशाही', '20 जुलाई 2012 को रिलीज़ किया गया', 'कनाडा में']]]",[0.072],[0.001]
50,यह हर साल जर्मनी के फ्रैंकफर्ट शहर मे लगाया जाता है .,['यह हर साल जर्मनी के फ्रैंकफर्ट शहर मे लगाया जाता है .'],"[[['यह', 'लगाया जाता है', 'हर साल'], ['फ्रैंकफर्ट शहर मे', 'लगाया जाता है', 'जर्मनी के']]]",[[]],[0.069],[0.0]
51,द्रौपदी ने आगे बढ़ कर अर्जुन के गले में वरमाला डाल दिया .,['द्रौपदी ने आगे बढ़ कर अर्जुन के गले में वरमाला डाल दिया .'],"[[['द्रौपदी ने', 'वरमाला डाल दिया', 'गले में'], ['गले में', 'property', 'अर्जुन के']]]",[[]],[0.07],[0.0]
52,यह त्यौहार पूरे उत्तर भारत में राम नवमी के दौरान मनाया जाता है .,['यह त्यौहार पूरे उत्तर भारत में राम नवमी के दौरान मनाया जाता है .'],"[[['यह त्यौहार', 'मनाया जाता है', 'पूरे उत्तर भारत में'], ['राम नवमी के दौरान', 'मनाया जाता है', 'पूरे उत्तर भारत में']]]","[[['यह त्यौहार', 'मनाया जाता है पूरे उत्तर भारत में', 'राम नवमी के दौरान']]]",[0.072],[0.0]
53,"तटीय कर्नाटक के भोजन में समुद्री भोजन , नारियल और नारियल तेल का व्यापक उपयोग उल्लेखनीय है .","['तटीय कर्नाटक के भोजन में समुद्री भोजन , नारियल और नारियल तेल का व्यापक उपयोग उल्लेखनीय है .']","[[['व्यापक उपयोग', 'उल्लेखनीय है', 'भोजन में'], ['भोजन में', 'property', 'तटीय कर्नाटक के'], ['व्यापक उपयोग', 'property', 'समुद्री भोजन ,'], ['व्यापक उपयोग', 'property', 'नारियल'], ['व्यापक उपयोग', 'property', 'नारियल तेल का']]]","[[['समुद्री भोजन ,', 'व्यापक उपयोग property', 'नारियल'], ['समुद्री भोजन ,', 'व्यापक उपयोग property', 'नारियल तेल का'], ['नारियल', 'व्यापक उपयोग property', 'नारियल तेल का']]]",[0.074],[0.0]
54,कार्ल ने वहां अध्ययन के साथ ही वहां के उपेक्षित जीवविज्ञान उद्यान को भी सुधारा .,['कार्ल ने वहां अध्ययन के साथ ही वहां के उपेक्षित जीवविज्ञान उद्यान को भी सुधारा .'],"[[['कार्ल ने', 'सुधारा', 'उपेक्षित जीवविज्ञान उद्यान को भी'], ['उपेक्षित जीवविज्ञान उद्यान को भी', 'property', 'वहां के']]]",[[]],[0.069],[0.0]
55,सिफियस चतुर्थ की श्रेणी के तारों को सिफीड कहते हैं .,['सिफियस चतुर्थ की श्रेणी के तारों को सिफीड कहते हैं .'],"[[['तारों को', 'कहते हैं', 'श्रेणी के'], ['श्रेणी के', 'property', 'सिफियस चतुर्थ की']]]",[[]],[0.068],[0.0]
56,यह ' प्राथमिक विधि अध्यारोप ' के नाम से प्रसिद्ध है .,"[""यह ' प्राथमिक विधि अध्यारोप ' के नाम से प्रसिद्ध है .""]","[[['यह', 'प्रसिद्ध है', 'नाम से'], ['नाम से', 'property', ""' प्राथमिक विधि अध्यारोप ' के""]]]",[[]],[0.07],[0.0]
57,चीन तथा जापान से इस देश का अधिक संपर्क रहा है .,['चीन तथा जापान से इस देश का अधिक संपर्क रहा है .'],"[[['अधिक संपर्क', 'रहा है', 'चीन'], ['अधिक संपर्क', 'रहा है', 'जापान से'], ['अधिक संपर्क', 'property', 'इस देश का']]]","[[['चीन', 'अधिक संपर्क रहा है', 'जापान से']]]",[0.066],[0.0]
58,कश्यप ने तत्काल ज्योतिष गणना करके पता लगाया कि राजा की आयु में कुछ घड़ी शेष हैं .,['कश्यप ने तत्काल ज्योतिष गणना करके पता लगाया कि राजा की आयु में कुछ घड़ी शेष हैं .'],"[[['कश्यप ने', 'पता लगाया', 'शेष'], ['कुछ घड़ी', 'शेष हैं', 'आयु में']]]",[[]],[0.066],[0.0]
59,अभ्रक आदि की खानों में मोमबत्तियाँ भी प्रयुक्त होती है .,['अभ्रक आदि की खानों में मोमबत्तियाँ भी प्रयुक्त होती है .'],"[[['मोमबत्तियाँ भी', 'प्रयुक्त होती है', 'खानों में'], ['खानों में', 'property', 'अभ्रक आदि की']]]",[[]],[0.067],[0.0]
60,इस शैली में उन्होंने कहानियाँ और उपन्यास लिखे हैं .,['इस शैली में उन्होंने कहानियाँ और उपन्यास लिखे हैं .'],"[[['उन्होंने', 'लिखे हैं', 'कहानियाँ'], ['इस शैली में', 'लिखे हैं', 'उन्होंने'], ['उन्होंने', 'लिखे हैं', 'उपन्यास']]]","[[['कहानियाँ', 'उन्होंने लिखे हैं', 'इस शैली में'], ['कहानियाँ', 'उन्होंने लिखे हैं', 'उपन्यास'], ['इस शैली में', 'लिखे हैं उन्होंने', 'उपन्यास']]]",[0.065],[0.0]
61,वो पहले दलित और पहले मलयाली मुख्य न्यायाधीश हैं .,['वो पहले दलित और पहले मलयाली मुख्य न्यायाधीश हैं .'],"[[['वो', 'मुख्य न्यायाधीश हैं', 'पहले दलित']]]",[[]],[0.069],[0.0]
62,6 जुलाई 2009 को उन्होंने सरकार का वार्षिक बजट पेश किया .,['6 जुलाई 2009 को उन्होंने सरकार का वार्षिक बजट पेश किया .'],"[[['उन्होंने', 'पेश किया', 'वार्षिक बजट'], ['6 जुलाई 2009 को', 'पेश किया', 'उन्होंने'], ['वार्षिक बजट', 'property', 'सरकार का']]]","[[['वार्षिक बजट', 'उन्होंने पेश किया', '6 जुलाई 2009 को']]]",[0.079],[0.0]
63,स्थानीय आबादी लगभग पूरी तरह से चाय के व्यापार पर निर्भर रहती है .,['स्थानीय आबादी लगभग पूरी तरह से चाय के व्यापार पर निर्भर रहती है .'],"[[['स्थानीय आबादी', 'निर्भर रहती है', 'लगभग पूरी तरह से'], ['व्यापार पर', 'निर्भर रहती है', 'चाय के']]]",[[]],[0.071],[0.0]
64,इसे साथ ही आधारभूत प्रोफ़ाइल में भी लागू किया जाता है .,['इसे साथ ही आधारभूत प्रोफ़ाइल में भी लागू किया जाता है .'],"[[['इसे साथ ही', 'लागू किया जाता है', 'आधारभूत प्रोफ़ाइल में भी']]]",[[]],[0.069],[0.0]
65,उन्हें उत्कल मणि के नाम से जाना जाता है .,['उन्हें उत्कल मणि के नाम से जाना जाता है .'],"[[['उन्हें', 'जाना जाता है', 'नाम से'], ['नाम से', 'property', 'उत्कल मणि के']]]",[[]],[0.076],[0.0]
66,"अधिक जानकारी के लिए , कृपया फ्रेंच फ्लेमिश को देखें .","['अधिक जानकारी के लिए , कृपया फ्रेंच फ्लेमिश को देखें .']","[[['कृपया', 'देखें', 'फ्रेंच फ्लेमिश को']]]",[[]],[0.07],[0.0]
67,इस नदी का ज्यादातर अंश पाकिस्तान में प्रवाहित होता है .,['इस नदी का ज्यादातर अंश पाकिस्तान में प्रवाहित होता है .'],"[[['ज्यादातर अंश', 'प्रवाहित होता है', 'पाकिस्तान में'], ['ज्यादातर अंश', 'property', 'इस नदी का']]]",[[]],[0.075],[0.0]
68,"मत्रूह मुहाफ़ज़ाह का अंदरूनी भाग लीबियाई रेगिस्तान का हिस्सा है , जिसमें सीवा नख़लिस्तान ( ओएसिस ) भी स्थित है .","['मत्रूह मुहाफ़ज़ाह का अंदरूनी भाग लीबियाई रेगिस्तान का हिस्सा है , जिसमें सीवा नख़लिस्तान ( ओएसिस ) भी स्थित है .']","[[['अंदरूनी भाग', 'हिस्सा है ,', 'लीबियाई रेगिस्तान का'], ['अंदरूनी भाग', 'property', 'मत्रूह मुहाफ़ज़ाह का'], ['सीवा नख़लिस्तान', 'स्थित है', 'जिसमें'], ['सीवा नख़लिस्तान', 'property', '( ओएसिस )']]]",[[]],[0.075],[0.0]
69,"राज्य की राजधानी बंगलुरु शहर है , जो भारत में हो रही त्वरित आर्थिक एवं प्रौद्योगिकी का अग्रणी योगदानकर्त्ता है .","['राज्य की राजधानी बंगलुरु शहर है , जो भारत में हो रही त्वरित आर्थिक एवं प्रौद्योगिकी का अग्रणी योगदानकर्त्ता है .']","[[['राजधानी', 'बंगलुरु शहर है ,', 'जो अग्रणी योगदानकर्त्ता'], ['त्वरित आर्थिक', 'हो रही', 'भारत में']]]",[[]],[0.081],[0.001]
70,ये अपनी रहस्यमयी और भयावह कहानियों के लिए प्रसिद्ध हैं .,['ये अपनी रहस्यमयी और भयावह कहानियों के लिए प्रसिद्ध हैं .'],"[[['ये', 'प्रसिद्ध हैं', 'कहानियों के लिए']]]",[[]],[0.081],[0.0]
71,उनका एक कहानी संग्रह और दो निबंध संग्रह प्रकाशित हुए हैं .,['उनका एक कहानी संग्रह और दो निबंध संग्रह प्रकाशित हुए हैं .'],"[[['एक कहानी संग्रह', 'प्रकाशित हुए हैं', 'उनका'], ['दो निबंध संग्रह', 'प्रकाशित हुए हैं', 'उनका']]]","[[['एक कहानी संग्रह', 'प्रकाशित हुए हैं उनका', 'दो निबंध संग्रह']]]",[0.074],[0.0]
72,पद्मनाभ दत्त ने ( 15 वीं शताब्दी ) सुपद्य व्याकरण लिखा है .,['पद्मनाभ दत्त ने ( 15 वीं शताब्दी ) सुपद्य व्याकरण लिखा है .'],"[[['पद्मनाभ दत्त ने', 'लिखा है', 'सुपद्य व्याकरण'], ['सुपद्य व्याकरण', 'property', '15 वीं शताब्दी )']]]",[[]],[0.069],[0.0]
73,इसके पश्चिम में अलबामा और दक्षिण में फ्लोरिडा राज्य स्थित हैं .,['इसके पश्चिम में अलबामा और दक्षिण में फ्लोरिडा राज्य स्थित हैं .'],"[[['फ्लोरिडा राज्य', 'स्थित हैं', 'पश्चिम में'], ['स्थित', 'property', 'अलबामा'], ['स्थित', 'property', 'दक्षिण में']]]","[[['अलबामा', 'स्थित property', 'दक्षिण में']]]",[0.065],[0.001]
74,यह क्रिकेट मैदान ऑस्ट्रेलिया के होबार्ट शहर में स्थित है .,['यह क्रिकेट मैदान ऑस्ट्रेलिया के होबार्ट शहर में स्थित है .'],"[[['यह क्रिकेट मैदान', 'स्थित है', 'होबार्ट शहर में'], ['होबार्ट शहर में', 'property', 'ऑस्ट्रेलिया के']]]",[[]],[0.068],[0.0]
75,"निम्नलिखित सूचना नियम का एक सरलीकृत सारांश है , पूरी प्रतिलिपि नहीं है .","['निम्नलिखित सूचना नियम का एक सरलीकृत सारांश है , पूरी प्रतिलिपि नहीं है .']","[[['निम्नलिखित सूचना नियम का', 'एक सरलीकृत सारांश है ,', 'पूरी प्रतिलिपि नहीं है']]]",[[]],[0.065],[0.0]
76,आत्यन्तिक प्रलय योगीजनों के ज्ञान के द्वारा ब्रह्म में लीन हो जाने को कहते हैं .,['आत्यन्तिक प्रलय योगीजनों के ज्ञान के द्वारा ब्रह्म में लीन हो जाने को कहते हैं .'],[[]],[[]],[0],[0]
77,जंगलों की विशेषता की दृष्टि से कुछ लोगों ने इसे इंडोचायनीज़ और इंडोमलायन उपक्षेत्रों में विभाजित किया है .,['जंगलों की विशेषता की दृष्टि से कुछ लोगों ने इसे इंडोचायनीज़ और इंडोमलायन उपक्षेत्रों में विभाजित किया है .'],"[[['कुछ लोगों ने', 'विभाजित किया है', 'इसे'], ['दृष्टि से', 'विभाजित किया है', 'इंडोचायनीज़'], ['दृष्टि से', 'property', 'विशेषता की'], ['दृष्टि से', 'विभाजित किया है', 'इंडोमलायन उपक्षेत्रों में']]]","[[['इंडोचायनीज़', 'दृष्टि से विभाजित किया है', 'इंडोमलायन उपक्षेत्रों में']]]",[0.075],[0.001]
78,"पर , प्रयोगशील प्रवृत्तियाँ उनको प्रश्रय देने लगी होंगी !","['पर , प्रयोगशील प्रवृत्तियाँ उनको प्रश्रय देने लगी होंगी !']","[[['प्रयोगशील प्रवृत्तियाँ', 'प्रश्रय देने लगी होंगी', 'उनको']]]",[[]],[0.065],[0.0]
79,5364 ईसा पूर्व ईसा मसीह के जन्म से पूर्व के वर्षों को दर्शाता है .,['5364 ईसा पूर्व ईसा मसीह के जन्म से पूर्व के वर्षों को दर्शाता है .'],"[[['वर्षों को', 'दर्शाता है', '5364 ईसा पूर्व'], ['वर्षों को', 'property', 'जन्म से पूर्व के'], ['जन्म से पूर्व के', 'property', 'ईसा मसीह के']]]","[[['वर्षों को', 'property जन्म से पूर्व के', 'ईसा मसीह के']]]",[0.065],[0.0]
80,विश्वामित्र द्वारा वैदिक मन्त्रों के स्वरघोष के मध्य सीता राम को जयमाल पहनाती हैं .,['विश्वामित्र द्वारा वैदिक मन्त्रों के स्वरघोष के मध्य सीता राम को जयमाल पहनाती हैं .'],"[[['विश्वामित्र द्वारा', 'पहनाती हैं', 'जयमाल'], ['सीता राम को', 'पहनाती हैं', 'स्वरघोष के मध्य'], ['स्वरघोष के मध्य', 'property', 'वैदिक मन्त्रों के']]]",[[]],[0.122],[0.0]
81,विभिन्न स्रोत इस तथ्य पर बटे हुए हैं कि आखिर किस वर्ष में स्थान का नाम एजिंकोर्ट स्क्वायर पड़ा .,['विभिन्न स्रोत इस तथ्य पर बटे हुए हैं कि आखिर किस वर्ष में स्थान का नाम एजिंकोर्ट स्क्वायर पड़ा .'],"[[['विभिन्न स्रोत', 'बटे हुए हैं', 'इस तथ्य पर'], ['इस तथ्य पर', 'पड़ा आखिर', 'एजिंकोर्ट स्क्वायर'], ['इस तथ्य पर', 'पड़ा आखिर', 'नाम'], ['इस तथ्य पर', 'पड़ा आखिर', 'किस वर्ष में'], ['नाम', 'property', 'स्थान का']]]","[[['एजिंकोर्ट स्क्वायर', 'इस तथ्य पर पड़ा आखिर', 'नाम'], ['एजिंकोर्ट स्क्वायर', 'इस तथ्य पर पड़ा आखिर', 'किस वर्ष में'], ['नाम', 'इस तथ्य पर पड़ा आखिर', 'किस वर्ष में']]]",[0.068],[0.001]
82,प्रत्येक भाग के अंतर्गत विभिन्न विभाग होते हैं जिनके अलगअलग अध्यक्ष होते हैं .,['प्रत्येक भाग के अंतर्गत विभिन्न विभाग होते हैं जिनके अलगअलग अध्यक्ष होते हैं .'],"[[['विभिन्न विभाग', 'होते हैं', 'प्रत्येक भाग के अंतर्गत'], ['विभिन्न विभाग', 'होते हैं', 'जिनके अलगअलग अध्यक्ष']]]","[[['प्रत्येक भाग के अंतर्गत', 'विभिन्न विभाग होते हैं', 'जिनके अलगअलग अध्यक्ष']]]",[0.071],[0.0]
83,"एकलों के बीच एक लंबे अंतराल के बाद , एल्बम से तीसरा कट 2006 के मध्य में जारी किया गया .","['एकलों के बीच एक लंबे अंतराल के बाद , एल्बम से तीसरा कट 2006 के मध्य में जारी किया गया .']","[[['एकलों के बीच', 'जारी किया गया', 'एक लंबे अंतराल के बाद ,'], ['एल्बम से', 'जारी किया गया', '2006 के मध्य में']]]",[[]],[0.071],[0.0]
84,"चूंकि उस दौर में उनके सामने कोई और मानक नहीं थे , अतः सब कामचलाऊ व्यवस्था उन्हें स्वयं करनी पड़ी .","['चूंकि उस दौर में उनके सामने कोई और मानक नहीं थे , अतः सब कामचलाऊ व्यवस्था उन्हें स्वयं करनी पड़ी .']","[[['उस दौर में', 'कोई और मानक नहीं थे ,', 'उनके सामने'], ['सब कामचलाऊ व्यवस्था', 'स्वयं करनी पड़ी', 'उन्हें']]]",[[]],[0.074],[0.0]
85,1900 के आसपास बहुत से विकासों ने निमोनिया से पीड़ित लोगों के लिये परिणामों को बेहतर कर दिया था .,['1900 के आसपास बहुत से विकासों ने निमोनिया से पीड़ित लोगों के लिये परिणामों को बेहतर कर दिया था .'],"[[['बहुत से विकासों ने', 'बेहतर कर दिया था', 'परिणामों को'], ['1900 के आसपास', 'बेहतर कर दिया था', 'निमोनिया से'], ['पीड़ित लोगों के लिये', 'बेहतर कर दिया था', 'निमोनिया से']]]","[[['1900 के आसपास', 'बेहतर कर दिया था निमोनिया से', 'पीड़ित लोगों के लिये']]]",[0.073],[0.0]
86,सांप्रदायिक सिद्धांतों के प्रचार और प्रसार में अपने पिता के समान आपका भी बहुत योगदान है .,['सांप्रदायिक सिद्धांतों के प्रचार और प्रसार में अपने पिता के समान आपका भी बहुत योगदान है .'],"[[['प्रचार', 'बहुत योगदान है', 'पिता के समान'], ['बहुत योगदान', 'property', 'आपका भी'], ['प्रसार में', 'बहुत योगदान है', 'पिता के समान']]]","[[['प्रचार', 'बहुत योगदान है पिता के समान', 'प्रसार में']]]",[0.067],[0.001]
87,"उदाहरणार्थ , केवल 1 -- 3 माह के संपर्क में भी मेसोथेलियोमा उत्पन्न होने के मामले लेखबद्ध किये गये हैं .","['उदाहरणार्थ , केवल 1 -- 3 माह के संपर्क में भी मेसोथेलियोमा उत्पन्न होने के मामले लेखबद्ध किये गये हैं .']","[[['मामले', 'लेखबद्ध किये गये हैं', 'उदाहरणार्थ ,'], ['संपर्क में भी', 'लेखबद्ध किये गये हैं', 'केवल 1 -- 3 माह के'], ['मामले', 'property', 'उत्पन्न होने के'], ['मेसोथेलियोमा', 'उत्पन्न होने के', 'मामले']]]",[[]],[0.07],[0.001]
88,"जहां इश -- डू में दो प्राणियों का सामना होता है , इश -- एस में प्राणी वास्तव में मिलते नहीं है .","['जहां इश -- डू में दो प्राणियों का सामना होता है , इश -- एस में प्राणी वास्तव में मिलते नहीं है .']","[[['प्राणी', 'मिलते नहीं है', 'इश -- एस में'], ['वास्तव में', 'मिलते नहीं है', 'प्राणी'], ['इश -- एस में', 'सामना होता है ,', 'इश -- डू में'], ['इश -- एस में', 'सामना होता है ,', 'दो प्राणियों का']]]","[[['इश -- एस में', 'प्राणी मिलते नहीं है', 'वास्तव में'], ['इश -- डू में', 'इश -- एस में सामना होता है ,', 'दो प्राणियों का']]]",[0.075],[0.001]
89,ये तीनों अक्ष उस तल में एकबिन्दुगामी भी होने चाहिये .,['ये तीनों अक्ष उस तल में एकबिन्दुगामी भी होने चाहिये .'],"[[['ये तीनों अक्ष', 'होने चाहिये', 'एकबिन्दुगामी भी'], ['उस तल में', 'होने चाहिये', 'ये तीनों अक्ष']]]","[[['एकबिन्दुगामी भी', 'ये तीनों अक्ष होने चाहिये', 'उस तल में']]]",[0.075],[0.0]
90,"विकासशील देशों में , अपने ही पड़ोस में किसानों के दूध विपणन के पुराने तरीके तेजी से बदल रहे हैं .","['विकासशील देशों में , अपने ही पड़ोस में किसानों के दूध विपणन के पुराने तरीके तेजी से बदल रहे हैं .']","[[['पुराने तरीके', 'बदल रहे हैं', 'विकासशील देशों में ,'], ['अपने ही पड़ोस में', 'बदल रहे हैं', 'तेजी से'], ['पुराने तरीके', 'property', 'दूध विपणन के']]]",[[]],[0.071],[0.0]
91,उन्होंने अपने बोलीवुड करियर की शुरुआत एक दीवाना था से की जिसे 17 फ़रवरी 2012 को रिलीज़ किया गया .,['उन्होंने अपने बोलीवुड करियर की शुरुआत एक दीवाना था से की जिसे 17 फ़रवरी 2012 को रिलीज़ किया गया .'],"[[['उन्होंने', 'एक दीवाना था से', 'शुरुआत'], ['शुरुआत', 'property', 'बोलीवुड करियर की'], ['शुरुआत', 'रिलीज़ किया गया', 'जिसे'], ['शुरुआत', 'रिलीज़ किया गया', '17 फ़रवरी 2012 को']]]","[[['जिसे', 'शुरुआत रिलीज़ किया गया', '17 फ़रवरी 2012 को']]]",[0.075],[0.0]
92,इस रोग के प्रतिषेधात्मक उपचार में भी मक्खियों से खाद्य एवं पेय पदार्थो को बचाना अत्यंत आवश्यक है .,['इस रोग के प्रतिषेधात्मक उपचार में भी मक्खियों से खाद्य एवं पेय पदार्थो को बचाना अत्यंत आवश्यक है .'],"[[['बचाना', 'है', 'अत्यंत आवश्यक'], ['खाद्य एवं पेय पदार्थो को', 'बचाना', 'मक्खियों से']]]",[[]],[0.069],[0.0]
93,"यह , प्रतिस्पर्धी टीम की राष्ट्रीयता को संदर्भित करता है , न कि गाड़ी निर्माता या चालक की राष्ट्रीयता को .","['यह , प्रतिस्पर्धी टीम की राष्ट्रीयता को संदर्भित करता है , न कि गाड़ी निर्माता या चालक की राष्ट्रीयता को .']","[[['यह ,', 'संदर्भित करता है ,', 'राष्ट्रीयता को'], ['राष्ट्रीयता को', 'संदर्भित करता है ,', 'गाड़ी निर्माता'], ['राष्ट्रीयता को', 'property', 'प्रतिस्पर्धी टीम की'], ['राष्ट्रीयता को', 'संदर्भित करता है ,', 'चालक की']]]","[[['यह ,', 'संदर्भित करता है , राष्ट्रीयता को', 'गाड़ी निर्माता'], ['यह ,', 'संदर्भित करता है , राष्ट्रीयता को', 'चालक की'], ['गाड़ी निर्माता', 'राष्ट्रीयता को संदर्भित करता है ,', 'चालक की']]]",[0.068],[0.001]
94,सड़क मार्ग रत्नागिरी के लिए मुंबई से सीधी बस सेवा है .,['सड़क मार्ग रत्नागिरी के लिए मुंबई से सीधी बस सेवा है .'],"[[['सड़क मार्ग', 'सीधी बस सेवा है', 'रत्नागिरी के लिए'], ['सीधी बस सेवा', 'property', 'मुंबई से']]]",[[]],[0.071],[0.0]
95,"छपाई में लकड़ी के ब्लाकों का प्रयोग होता था , जिसका निर्माण शिल्पी -- सुथार करते थे .","['छपाई में लकड़ी के ब्लाकों का प्रयोग होता था , जिसका निर्माण शिल्पी -- सुथार करते थे .']","[[['छपाई में', 'प्रयोग होता था ,', 'ब्लाकों का'], ['ब्लाकों का', 'जिसका निर्माण करते थे', 'शिल्पी -- सुथार']]]",[[]],[0.076],[0.0]
96,यह शब्द विधि बनाने वाली सरकारी इकाई के लिये प्रयोग में आता है .,['यह शब्द विधि बनाने वाली सरकारी इकाई के लिये प्रयोग में आता है .'],"[[['यह शब्द', 'आता है', 'सरकारी इकाई के लिये'], ['प्रयोग में', 'आता है', 'सरकारी इकाई के लिये'], ['विधि', 'बनाने वाली', 'सरकारी इकाई के लिये']]]","[[['यह शब्द', 'आता है सरकारी इकाई के लिये', 'प्रयोग में']]]",[0.086],[0.001]
97,यह उत्तर प्रदेश के बलिया जिले में स्थित है और बलिया शहर से थोड़ी दूर पश्चिम में स्थित है .,['यह उत्तर प्रदेश के बलिया जिले में स्थित है और बलिया शहर से थोड़ी दूर पश्चिम में स्थित है .'],"[[['यह', 'स्थित है', 'बलिया जिले में'], ['बलिया जिले में', 'property', 'उत्तर प्रदेश के'], ['बलिया शहर से', 'स्थित है', 'पश्चिम में']]]",[[]],[0.07],[0.0]
98,उसेक बाद उन्होने पिता की हत्या नहीं करवाई जैसाकि अन्य सम्राट किया करते थे .,['उसेक बाद उन्होने पिता की हत्या नहीं करवाई जैसाकि अन्य सम्राट किया करते थे .'],"[[['उन्होने', 'हत्या नहीं करवाई', 'उसेक बाद'], ['हत्या नहीं करवाई', 'property', 'पिता की']]]",[[]],[0.068],[0.0]
99,सर्वप्रथम प्रत्येक खिलाड़ी के लिये हवाओं की स्थिति का निर्धारण पासा फेंककर किया जाता है .,['सर्वप्रथम प्रत्येक खिलाड़ी के लिये हवाओं की स्थिति का निर्धारण पासा फेंककर किया जाता है .'],"[[['सर्वप्रथम', 'किया जाता है', 'प्रत्येक खिलाड़ी के लिये'], ['प्रत्येक खिलाड़ी के लिये किया जाता है', 'फेंककर', 'निर्धारण'], ['प्रत्येक खिलाड़ी के लिये किया जाता है', 'फेंककर', 'पासा'], ['निर्धारण', 'property', 'स्थिति का']]]","[[['निर्धारण', 'प्रत्येक खिलाड़ी के लिये किया जाता है फेंककर', 'पासा']]]",[0.067],[0.0]
100,"हाइपरयूरीसेमिया , वात रोग का मूल कारण होता है .","['हाइपरयूरीसेमिया , वात रोग का मूल कारण होता है .']","[[['हाइपरयूरीसेमिया ,', 'होता है', 'मूल कारण']]]",[[]],[0.069],[0.0]
101,यही कारण है कि विश्व भर में केरल अपनी आयुर्वेदिक चिकित्सा शैली के कारण प्रसिद्ध है .,['यही कारण है कि विश्व भर में केरल अपनी आयुर्वेदिक चिकित्सा शैली के कारण प्रसिद्ध है .'],"[[['प्रसिद्ध', 'है', 'यही कारण']]]",[[]],[0.075],[0.0]
102,इसका उदगम स्थान सिरमोर राज्य के अंतगर्त हिमालय पर्वत के नीचे का ढलुवा भाग है .,['इसका उदगम स्थान सिरमोर राज्य के अंतगर्त हिमालय पर्वत के नीचे का ढलुवा भाग है .'],"[[['उदगम स्थान', 'ढलुवा भाग है', 'अंतगर्त हिमालय पर्वत के नीचे का'], ['उदगम स्थान', 'property', 'इसका'], ['अंतगर्त हिमालय पर्वत के नीचे का', 'property', 'सिरमोर राज्य के']]]",[[]],[0.071],[0.0]
103,दक्षिण भारत में उन दिनों परम्परागत चित्रकला का ही प्राधान्य था .,['दक्षिण भारत में उन दिनों परम्परागत चित्रकला का ही प्राधान्य था .'],"[[['दक्षिण भारत में', 'प्राधान्य था', 'उन दिनों'], ['प्राधान्य', 'property', 'परम्परागत चित्रकला का ही']]]",[[]],[0.07],[0.0]
104,ये कहानियाँ किसी देश या समय की हो सकती हैं .,['ये कहानियाँ किसी देश या समय की हो सकती हैं .'],"[[['ये कहानियाँ', 'हो सकती हैं', 'किसी देश'], ['ये कहानियाँ', 'हो सकती हैं', 'समय की']]]","[[['किसी देश', 'ये कहानियाँ हो सकती हैं', 'समय की']]]",[0.072],[0.0]
105,और भी कुछ निम्नलिखित कारण हैं जोकि प्रकृति आधारित निर्माण को प्रोत्साहित करते हैं .,['और भी कुछ निम्नलिखित कारण हैं जोकि प्रकृति आधारित निर्माण को प्रोत्साहित करते हैं .'],"[[['प्रकृति आधारित निर्माण को', 'प्रोत्साहित करते हैं', 'और भी कुछ निम्नलिखित कारण']]]",[[]],[0.071],[0.0]
106,2010 को ' ' दर्शन -- परिषद् ' ' के नाम से सम्पन्न हुआ .,"[""2010 को ' ' दर्शन -- परिषद् ' ' के नाम से सम्पन्न हुआ .""]","[[[""2010 को ' ' दर्शन -- परिषद् ' ' के"", 'सम्पन्न हुआ', 'नाम से']]]",[[]],[0.07],[0.0]
107,यहीं पर सन 1533 में 47 वर्ष की अल्पायु में रथयात्रा के दिन उनका देहांत हो गया .,['यहीं पर सन 1533 में 47 वर्ष की अल्पायु में रथयात्रा के दिन उनका देहांत हो गया .'],"[[['यहीं पर', 'देहांत हो गया', 'सन 1533 में'], ['अल्पायु में', 'देहांत हो गया', 'दिन'], ['उनका', 'देहांत हो गया', 'दिन'], ['अल्पायु में', 'property', '47 वर्ष की'], ['दिन', 'property', 'रथयात्रा के']]]","[[['अल्पायु में', 'देहांत हो गया दिन', 'उनका']]]",[0.076],[0.001]
108,इसे पाण्सिल्क भी कहा जाता है क्योंकि यह तालाब में अक्सर देखा जाता है .,['इसे पाण्सिल्क भी कहा जाता है क्योंकि यह तालाब में अक्सर देखा जाता है .'],"[[['इसे', 'कहा जाता है', 'यह देखा जाता है अक्सर'], ['तालाब में', 'देखा जाता है अक्सर', 'कहा जाता है']]]",[[]],[0.071],[0.0]
109,2008 में वे तीसरे ब्रिटिश प्रबंधक बने जिन्होंने एकाधिक अवसर पर यूरोपियन कप जीता .,['2008 में वे तीसरे ब्रिटिश प्रबंधक बने जिन्होंने एकाधिक अवसर पर यूरोपियन कप जीता .'],"[[['वे', 'बने', 'तीसरे ब्रिटिश प्रबंधक'], ['2008 में', 'बने', 'वे'], ['तीसरे ब्रिटिश प्रबंधक', 'जीता', 'यूरोपियन कप'], ['तीसरे ब्रिटिश प्रबंधक', 'जीता', 'जिन्होंने'], ['तीसरे ब्रिटिश प्रबंधक', 'जीता', 'एकाधिक अवसर पर']]]","[[['तीसरे ब्रिटिश प्रबंधक', 'वे बने', '2008 में'], ['यूरोपियन कप', 'तीसरे ब्रिटिश प्रबंधक जीता', 'जिन्होंने'], ['यूरोपियन कप', 'तीसरे ब्रिटिश प्रबंधक जीता', 'एकाधिक अवसर पर'], ['जिन्होंने', 'तीसरे ब्रिटिश प्रबंधक जीता', 'एकाधिक अवसर पर']]]",[0.083],[0.001]
110,मॉस से मिट्टी में जल रोक रखा जाता है .,['मॉस से मिट्टी में जल रोक रखा जाता है .'],"[[['मॉस से', 'जल रोक रखा जाता है', 'मिट्टी में']]]",[[]],[0.086],[0.0]
111,महाभारत का वर्तमान रूप प्राचीन इतिहास कथाओं उपदेशों आदि का भण्डार है .,['महाभारत का वर्तमान रूप प्राचीन इतिहास कथाओं उपदेशों आदि का भण्डार है .'],"[[['वर्तमान रूप', 'भण्डार है', 'प्राचीन इतिहास कथाओं उपदेशों आदि का'], ['वर्तमान रूप', 'property', 'महाभारत का']]]",[[]],[0.075],[0.0]
